{"test_id":"ab_test_1754154839","strategies":["statistical_arbitrage","momentum"],"performance_metrics":{"statistical_arbitrage":{"total_return":0.17483570765056164,"sharpe_ratio":1.1585207096486445,"max_drawdown":0.12319939418114051,"volatility":0.14664359645859237},"momentum":{"total_return":0.16286999626723467,"sharpe_ratio":0.9274555701658017,"max_drawdown":0.06333909641859883,"volatility":0.15713025673672595}},"recommended_strategy":"statistical_arbitrage","confidence_level":0.85,"test_duration_days":30}